{
    "eta": 0.116063620529041,
    "alpha": 0.1171601822446966,
    "lmbda": 2.1253448473633996,
    "scaler": "robust",
    "imputer": "median",
    "max_depth": 3,
    "subsample": 0.8415844493278959,
    "n_estimators": 1583,
    "learning_rate": 0.01526758591034806,
    "colsample_bytree": 0.8010723436922423
}