{
    "alpha": 0.15500515308718543,
    "lmbda": 9.4553069371423,
    "scaler": "minmax",
    "imputer": "most_frequent",
    "max_depth": 64,
    "subsample": 0.3388935978957399,
    "n_estimators": 6148,
    "learning_rate": 0.2994369042411531,
    "colsample_bytree": 0.4745469122792432
}