{
    "eta": 0.28141251589565613,
    "alpha": 2.9271835616058315,
    "lmbda": 5.084678272561143,
    "scaler": "robust",
    "imputer": "most_frequent",
    "max_depth": 12,
    "subsample": 0.4166151092031941,
    "n_estimators": 1521,
    "learning_rate": 0.04383574489925266,
    "colsample_bytree": 0.5651895087092169
}