{
    "eta": 0.2189867593417301,
    "alpha": 1.798190574808438,
    "lmbda": 3.8748760484151914,
    "scaler": "minmax",
    "imputer": "median",
    "max_depth": 3,
    "subsample": 0.5256694730321446,
    "n_estimators": 1642,
    "learning_rate": 0.1682025111157145,
    "colsample_bytree": 0.6490424765035034
}