{
    "eta": 0.17075594525437782,
    "alpha": 9.041693109990469,
    "lmbda": 1.3001428098901135,
    "scaler": "minmax",
    "imputer": "mean",
    "max_depth": 3,
    "subsample": 0.10598059245687068,
    "n_estimators": 1458,
    "learning_rate": 0.1557093298606608,
    "colsample_bytree": 0.40406706027916595
}