{
    "max_depth": 2,
    "subsample": 0.9216745665393588,
    "n_estimators": 815,
    "learning_rate": 0.00814656376107916,
    "colsample_bytree": 0.3863066096959391
}